city,lat_long,latitude,longitude,temperature,humidity,cloudiness,wind_speed,country,timezone,Hemisphere
mataura,"(-68.50616938544948, -150.37774696327926)",-68.50616938544948,-150.37774696327926,52.48,87.0,100.0,5.39,JP,46800,Southern
rikitea,"(-30.681296696126786, -126.3156960749132)",-30.681296696126786,-126.3156960749132,79.88,75.0,100.0,18.32,JP,-32400,Southern
bastrop,"(32.77746126426588, -91.42701947008482)",32.77746126426588,-91.42701947008482,56.26,79.0,100.0,1.01,JP,-18000,Northern
hobart,"(-76.49871141133052, 152.14258100215392)",-76.49871141133052,152.14258100215392,65.3,94.0,75.0,8.05,JP,39600,Southern
pacific grove,"(26.160659046051506, -137.22124631442136)",26.160659046051506,-137.22124631442136,55.09,74.0,75.0,4.61,JP,-25200,Northern
maceio,"(-15.115220836365552, -29.84354513670769)",-15.115220836365552,-29.84354513670769,74.64,94.0,40.0,4.61,JP,-10800,Southern
jalingo,"(8.143327886482595, 11.29609500210529)",8.143327886482595,11.29609500210529,77.38,20.0,26.0,4.83,JP,3600,Northern
sisimiut,"(67.25728196051793, -53.27662608581909)",67.25728196051793,-53.27662608581909,-10.86,97.0,100.0,14.09,JP,-10800,Northern
vera cruz,"(-13.104316277356219, -41.159544083194845)",-13.104316277356219,-41.159544083194845,68.2,93.0,52.0,2.17,JP,-10800,Southern
meadow lake,"(57.303874623559835, -107.94628267576961)",57.303874623559835,-107.94628267576961,47.71,25.0,1.0,2.73,JP,-21600,Northern
ribeira grande,"(26.836404925717403, -37.9428833366043)",26.836404925717403,-37.9428833366043,61.05,94.0,17.0,9.17,JP,-3600,Northern
narsaq,"(88.210263884766, -60.518029498226724)",88.210263884766,-60.518029498226724,-8.91,66.0,5.0,6.44,JP,-10800,Northern
imeni babushkina,"(59.87313834742628, 43.39059900999658)",59.87313834742628,43.39059900999658,9.1,98.0,93.0,4.07,JP,10800,Northern
busselton,"(-48.93382811549864, 105.02225008800787)",-48.93382811549864,105.02225008800787,77.36,55.0,100.0,15.86,JP,28800,Southern
vernon,"(34.24096794271587, -98.93531171600011)",34.24096794271587,-98.93531171600011,44.51,74.0,100.0,4.0,JP,-25200,Northern
butaritari,"(23.9260184443998, 169.79630671450656)",23.9260184443998,169.79630671450656,81.72,74.0,76.0,16.33,JP,43200,Northern
xichang,"(28.09549165279151, 101.73298137497494)",28.09549165279151,101.73298137497494,76.71,31.0,17.0,3.0,JP,28800,Northern
port alfred,"(-48.144265978367265, 29.835587592739927)",-48.144265978367265,29.835587592739927,62.37,79.0,93.0,6.69,JP,7200,Southern
tual,"(-7.553142040029542, 134.10364649665559)",-7.553142040029542,134.10364649665559,84.52,70.0,95.0,7.81,JP,32400,Southern
norman wells,"(73.59681670172955, -118.65476920995184)",73.59681670172955,-118.65476920995184,-5.76,45.0,20.0,4.61,JP,-21600,Northern
namibe,"(-14.30008422703574, 3.479430879290504)",-14.30008422703574,3.479430879290504,68.68,84.0,57.0,4.41,JP,3600,Southern
bambous virieux,"(-39.77725596635195, 83.5497657204055)",-39.77725596635195,83.5497657204055,83.21,78.0,12.0,8.34,JP,14400,Southern
calbuco,"(-41.50139976729611, -73.50213499870485)",-41.50139976729611,-73.50213499870485,51.01,93.0,1.0,14.12,JP,-10800,Southern
cape town,"(-58.69779088198319, 2.017983131176294)",-58.69779088198319,2.017983131176294,59.95,72.0,0.0,13.8,JP,7200,Southern
matara,"(4.719348735963251, 81.10935538211817)",4.719348735963251,81.10935538211817,83.35,72.0,95.0,5.93,JP,19800,Northern
bluff,"(-54.398692002497164, 164.9309737265629)",-54.398692002497164,164.9309737265629,52.81,71.0,100.0,17.9,JP,46800,Southern
tucurui,"(-3.9212659107112557, -48.58176304715573)",-3.9212659107112557,-48.58176304715573,73.02,99.0,100.0,2.77,JP,-10800,Southern
east london,"(-42.978390624801605, 33.75836329949729)",-42.978390624801605,33.75836329949729,61.74,77.0,20.0,11.5,JP,7200,Southern
lagoa,"(41.88142580705059, -26.58140639438787)",41.88142580705059,-26.58140639438787,59.72,94.0,71.0,12.88,JP,-3600,Northern
mayo,"(65.66073091886722, -140.60396583824257)",65.66073091886722,-140.60396583824257,44.13,74.0,0.0,12.66,JP,-14400,Northern
punta arenas,"(-84.68819158897493, -96.94187565501944)",-84.68819158897493,-96.94187565501944,48.31,93.0,75.0,5.75,JP,-10800,Southern
new norfolk,"(-78.50599210242433, 127.32236821723046)",-78.50599210242433,127.32236821723046,65.08,76.0,100.0,4.85,JP,39600,Southern
mahebourg,"(-48.260311362966384, 74.95131242728118)",-48.260311362966384,74.95131242728118,83.25,78.0,13.0,8.79,JP,14400,Southern
pierre,"(45.3336080490526, -101.28759671565969)",45.3336080490526,-101.28759671565969,40.33,69.0,0.0,12.66,JP,-18000,Northern
castro,"(-56.660394326904495, -107.55427193028953)",-56.660394326904495,-107.55427193028953,62.44,99.0,40.0,3.53,JP,-10800,Southern
faanui,"(-6.291813448346915, -156.60826905807681)",-6.291813448346915,-156.60826905807681,82.08,70.0,100.0,11.27,JP,-36000,Southern
pisco,"(-19.799624321227128, -84.65564344484105)",-19.799624321227128,-84.65564344484105,71.65,73.0,0.0,4.61,JP,-18000,Southern
geraldton,"(-31.91572979185176, 106.29312443469598)",-31.91572979185176,106.29312443469598,79.21,53.0,83.0,13.13,JP,28800,Southern
imeni zhelyabova,"(59.001463940066856, 36.78400481672659)",59.001463940066856,36.78400481672659,15.46,94.0,65.0,3.38,JP,10800,Northern
hilo,"(19.557445164647447, -149.3495310143278)",19.557445164647447,-149.3495310143278,73.62,79.0,75.0,5.75,JP,-36000,Northern
ganzhou,"(24.952306123567695, 115.268709256754)",24.952306123567695,115.268709256754,78.3,61.0,1.0,1.97,JP,28800,Northern
jamestown,"(-16.168026849185694, -10.05034038194077)",-16.168026849185694,-10.05034038194077,45.25,34.0,0.0,9.22,JP,-14400,Southern
hengshui,"(38.120727650653265, 115.80166887787482)",38.120727650653265,115.80166887787482,72.36,19.0,22.0,8.12,JP,28800,Northern
ravar,"(31.31348670620362, 58.30706079852362)",31.31348670620362,58.30706079852362,76.39,17.0,55.0,4.65,JP,12600,Northern
wanaka,"(-44.74918644746156, 168.9179997775126)",-44.74918644746156,168.9179997775126,58.77,72.0,100.0,5.39,JP,46800,Southern
nantucket,"(39.90213807308231, -70.92673808784707)",39.90213807308231,-70.92673808784707,42.57,81.0,0.0,11.5,JP,-14400,Northern
upernavik,"(83.7888401142564, -59.05708206043049)",83.7888401142564,-59.05708206043049,-6.09,85.0,100.0,41.61,JP,-10800,Northern
labuhan,"(-17.72286343439623, 96.06060326008605)",-17.72286343439623,96.06060326008605,86.25,69.0,63.0,5.37,JP,25200,Southern
khasan,"(40.4947275477912, 131.59067585023678)",40.4947275477912,131.59067585023678,37.8,78.0,58.0,3.62,JP,36000,Northern
asau,"(-11.371335365019888, 175.00675864517092)",-11.371335365019888,175.00675864517092,18.52,83.0,6.0,4.81,JP,7200,Southern
tasiilaq,"(64.51908558086387, -35.91349544158325)",64.51908558086387,-35.91349544158325,33.96,96.0,100.0,26.17,JP,-10800,Northern
prince rupert,"(52.635060535208595, -130.27167645549883)",52.635060535208595,-130.27167645549883,42.89,87.0,100.0,32.21,JP,-25200,Northern
churapcha,"(63.002818879134395, 132.3359204222519)",63.002818879134395,132.3359204222519,7.02,75.0,99.0,5.39,JP,32400,Northern
kieta,"(-3.1885198788441755, 156.50584814749078)",-3.1885198788441755,156.50584814749078,84.52,70.0,98.0,4.79,JP,39600,Southern
margate,"(-36.54242585006028, 36.73939653723636)",-36.54242585006028,36.73939653723636,44.69,86.0,96.0,1.01,JP,0,Southern
nikolskoye,"(40.42643807659752, 168.0051489696363)",40.42643807659752,168.0051489696363,23.9,98.0,98.0,4.07,JP,10800,Northern
kaitangata,"(-51.04695153789987, 172.82776297552812)",-51.04695153789987,172.82776297552812,51.76,83.0,100.0,8.72,JP,46800,Southern
atuona,"(-10.057439335236921, -117.14847265322639)",-10.057439335236921,-117.14847265322639,78.58,79.0,67.0,13.71,JP,-34200,Southern
portland,"(-46.53581996209419, 138.61807338645644)",-46.53581996209419,138.61807338645644,47.25,94.0,100.0,8.05,JP,-25200,Southern
ushuaia,"(-86.13071849454019, -86.9257798402417)",-86.13071849454019,-86.9257798402417,40.66,87.0,100.0,6.91,JP,-10800,Southern
barrow,"(81.5073991735965, -159.93067798497617)",81.5073991735965,-159.93067798497617,-2.18,65.0,100.0,11.5,JP,-28800,Northern
bredasdorp,"(-71.7237320817693, 22.19473169363576)",-71.7237320817693,22.19473169363576,54.72,88.0,27.0,4.61,JP,7200,Southern
atar,"(20.24663881745316, -8.249316332934939)",20.24663881745316,-8.249316332934939,59.22,68.0,0.0,7.72,JP,0,Northern
doba,"(9.015239614697933, 16.78469890226367)",9.015239614697933,16.78469890226367,76.84,26.0,61.0,4.21,JP,3600,Northern
lompoc,"(27.382045393134817, -126.06920586121427)",27.382045393134817,-126.06920586121427,52.41,72.0,0.0,32.01,JP,-25200,Northern
surgana,"(20.48870009320997, 73.56495282069082)",20.48870009320997,73.56495282069082,91.2,15.0,7.0,7.18,JP,19800,Northern
jalu,"(26.159402773681634, 22.123200838808998)",26.159402773681634,22.123200838808998,48.31,46.0,0.0,9.22,JP,7200,Northern
niquelandia,"(-14.683648877582655, -48.622271106342964)",-14.683648877582655,-48.622271106342964,69.98,92.0,100.0,1.43,JP,-10800,Southern
salalah,"(14.3708345932328, 57.84514431092407)",14.3708345932328,57.84514431092407,75.29,31.0,0.0,3.44,JP,14400,Northern
lexington,"(41.62705845900979, -99.62783420435176)",41.62705845900979,-99.62783420435176,43.34,57.0,0.0,8.05,JP,-14400,Northern
broken hill,"(-27.77022840510336, 140.9827896544029)",-27.77022840510336,140.9827896544029,82.11,47.0,75.0,8.05,JP,37800,Southern
albany,"(-67.72159457578813, 102.15015851761433)",-67.72159457578813,102.15015851761433,37.35,71.0,97.0,6.24,JP,-14400,Southern
padang,"(-0.5060475724535962, 99.52870094535882)",-0.5060475724535962,99.52870094535882,85.62,69.0,90.0,4.74,JP,25200,Southern
uruburetama,"(-3.6054078655714505, -39.48294246330383)",-3.6054078655714505,-39.48294246330383,73.17,94.0,100.0,0.96,JP,-10800,Southern
puerto escondido,"(6.436626236501766, -99.18864474095851)",6.436626236501766,-99.18864474095851,79.63,73.0,0.0,0.0,JP,-21600,Northern
lata,"(-4.368344712642369, 167.07341968973003)",-4.368344712642369,167.07341968973003,44.08,95.0,72.0,3.8,JP,0,Southern
qaanaaq,"(82.33723527591121, -84.039720468529)",82.33723527591121,-84.039720468529,6.35,67.0,68.0,3.53,JP,-10800,Northern
san isidro,"(5.781453850269386, 128.90252471942648)",5.781453850269386,128.90252471942648,74.1,85.0,0.0,9.22,JP,-18000,Northern
umm lajj,"(25.155221317434382, 39.16540524252571)",25.155221317434382,39.16540524252571,64.51,56.0,0.0,15.03,JP,10800,Northern
hasaki,"(27.07555458893046, 151.76406678742154)",27.07555458893046,151.76406678742154,54.0,70.0,81.0,8.48,JP,32400,Northern
fort nelson,"(62.13790877362743, -123.62230924684201)",62.13790877362743,-123.62230924684201,2.79,85.0,75.0,3.44,JP,-25200,Northern
port elizabeth,"(-89.82400585096376, 32.20107738306464)",-89.82400585096376,32.20107738306464,61.09,67.0,0.0,12.66,JP,7200,Southern
manado,"(3.182483657042212, 124.62271911273984)",3.182483657042212,124.62271911273984,88.57,70.0,40.0,5.75,JP,28800,Northern
zelenoborskiy,"(66.57277255329234, 32.426939848457664)",66.57277255329234,32.426939848457664,24.44,99.0,100.0,4.85,JP,10800,Northern
nouadhibou,"(23.788426257335757, -18.45171705963844)",23.788426257335757,-18.45171705963844,62.58,82.0,0.0,10.36,JP,0,Northern
torbay,"(36.620851634894905, -49.83941511829667)",36.620851634894905,-49.83941511829667,22.98,78.0,40.0,13.8,JP,-9000,Northern
kirzhach,"(55.98383107741114, 39.05974179234383)",55.98383107741114,39.05974179234383,17.22,91.0,28.0,6.93,JP,10800,Northern
nzega,"(-4.174971363547897, 33.115470158981736)",-4.174971363547897,33.115470158981736,56.86,90.0,91.0,3.47,JP,7200,Southern
kaihua,"(23.107107259425064, 103.7905855570566)",23.107107259425064,103.7905855570566,79.03,49.0,13.0,9.46,JP,28800,Northern
kapaa,"(36.44672356940585, -163.6410996466263)",36.44672356940585,-163.6410996466263,75.88,71.0,0.0,10.36,JP,-36000,Northern
praia,"(14.197896201270652, -22.997727505714778)",14.197896201270652,-22.997727505714778,68.54,68.0,40.0,24.16,JP,-3600,Northern
kruisfontein,"(-57.98969666343051, 25.7662670662462)",-57.98969666343051,25.7662670662462,52.88,70.0,17.0,5.68,JP,7200,Southern
kaeo,"(-33.5444855904494, 174.70972708758586)",-33.5444855904494,174.70972708758586,73.02,60.0,79.0,3.29,JP,46800,Southern
coihaique,"(-45.895209821533534, -71.15069279674886)",-45.895209821533534,-71.15069279674886,55.35,76.0,0.0,3.44,JP,-10800,Southern
muroto,"(28.866453477958203, 135.74368312419898)",28.866453477958203,135.74368312419898,62.49,75.0,58.0,11.5,JP,32400,Northern
klaksvik,"(71.87651983084601, -7.256767876906508)",71.87651983084601,-7.256767876906508,43.72,93.0,100.0,37.04,JP,0,Northern
adrar,"(30.91419779693416, 0.23019433418903645)",30.91419779693416,0.23019433418903645,62.91,33.0,0.0,11.3,JP,0,Northern
kulhudhuffushi,"(7.095998429586899, 66.49316486927796)",7.095998429586899,66.49316486927796,82.4,68.0,100.0,4.47,JP,18000,Northern
meulaboh,"(-0.6734389060968766, 90.11639323096529)",-0.6734389060968766,90.11639323096529,85.8,67.0,57.0,4.79,JP,25200,Southern
vaini,"(-88.84942204615064, -178.59652116253181)",-88.84942204615064,-178.59652116253181,78.96,94.0,75.0,2.3,JP,46800,Southern
shahgarh,"(24.256905352670927, 78.97291554002004)",24.256905352670927,78.97291554002004,93.0,15.0,6.0,6.62,JP,19800,Northern
brownwood,"(32.3655714034916, -98.92549878370178)",32.3655714034916,-98.92549878370178,54.72,47.0,45.0,9.6,JP,-18000,Northern
saint anthony,"(57.101973274269284, -57.34701308341059)",57.101973274269284,-57.34701308341059,28.17,82.0,0.0,0.0,JP,-18000,Northern
lukovetskiy,"(64.61283707703402, 41.932588942551604)",64.61283707703402,41.932588942551604,8.94,98.0,83.0,3.27,JP,10800,Northern
bilma,"(20.38620381218125, 13.605781579261077)",20.38620381218125,13.605781579261077,64.8,16.0,26.0,9.44,JP,3600,Northern
deder,"(9.46399267868749, 41.22669058870679)",9.46399267868749,41.22669058870679,62.4,38.0,5.0,3.51,JP,10800,Northern
vila velha,"(-30.49558361995816, -24.09250610418536)",-30.49558361995816,-24.09250610418536,76.95,91.0,20.0,5.75,JP,-10800,Southern
dikson,"(84.02329246826923, 74.4987616111782)",84.02329246826923,74.4987616111782,1.94,96.0,100.0,11.7,JP,25200,Northern
ajdabiya,"(30.652962956128718, 19.30163588756446)",30.652962956128718,19.30163588756446,48.78,56.0,2.0,11.05,JP,7200,Northern
at-bashi,"(40.66221869459599, 76.42471423703404)",40.66221869459599,76.42471423703404,39.78,89.0,89.0,1.59,JP,21600,Northern
arak,"(33.953104127650235, 49.46004154141227)",33.953104127650235,49.46004154141227,32.76,86.0,4.0,0.0,JP,12600,Northern
skive,"(56.53529141913728, 9.030209932630129)",56.53529141913728,9.030209932630129,41.34,92.0,100.0,1.01,JP,3600,Northern
kahului,"(36.028867265051076, -148.0240575948983)",36.028867265051076,-148.0240575948983,75.79,72.0,20.0,12.66,JP,-36000,Northern
roebourne,"(-22.093945081673795, 117.85439118755176)",-22.093945081673795,117.85439118755176,101.01,30.0,10.0,8.01,JP,28800,Southern
hami,"(37.268832368402855, 90.81495897431978)",37.268832368402855,90.81495897431978,57.9,32.0,98.0,7.14,JP,28800,Northern
hamilton,"(31.997932642365498, -70.08110756650575)",31.997932642365498,-70.08110756650575,46.27,57.0,0.0,0.0,JP,-14400,Northern
yellowknife,"(68.82429659469074, -112.16333756501749)",68.82429659469074,-112.16333756501749,-10.68,77.0,20.0,3.44,JP,-21600,Northern
provideniya,"(46.035633980465775, -176.10423881465044)",46.035633980465775,-176.10423881465044,10.51,56.0,0.0,6.71,JP,43200,Northern
luz,"(-19.83019625898777, -45.51492821039906)",-19.83019625898777,-45.51492821039906,67.8,97.0,99.0,3.44,JP,-10800,Southern
ati,"(15.097646781466622, 18.847584796220133)",15.097646781466622,18.847584796220133,71.55,15.0,20.0,16.02,JP,3600,Northern
byron bay,"(-29.36463116821306, 158.4783738068195)",-29.36463116821306,158.4783738068195,76.89,71.0,44.0,16.26,JP,39600,Southern
kununurra,"(-16.015156951525753, 129.5330542982615)",-16.015156951525753,129.5330542982615,96.78,46.0,82.0,5.75,JP,28800,Southern
sitka,"(44.03858407025868, -139.97667318459804)",44.03858407025868,-139.97667318459804,44.49,65.0,100.0,12.66,JP,-28800,Northern
timizart,"(37.85708848717222, 5.381713458077229)",37.85708848717222,5.381713458077229,63.23,34.0,100.0,12.37,JP,3600,Northern
souillac,"(-26.847268336200003, 59.64864898184757)",-26.847268336200003,59.64864898184757,81.46,78.0,16.0,9.35,JP,14400,Southern
talaya,"(60.65954089677459, 152.29113591398146)",60.65954089677459,152.29113591398146,8.58,85.0,70.0,1.28,JP,39600,Northern
mosquera,"(2.3106550192358952, -78.44807559578705)",2.3106550192358952,-78.44807559578705,50.09,100.0,75.0,2.3,JP,-18000,Northern
abnub,"(27.365938394897498, 30.38260690706076)",27.365938394897498,30.38260690706076,46.08,64.0,1.0,10.67,JP,7200,Northern
nishihara,"(26.103855630480226, 127.96917865107366)",26.103855630480226,127.96917865107366,73.13,75.0,75.0,9.22,JP,32400,Northern
saint-philippe,"(-71.84758488630636, 72.30495604465946)",-71.84758488630636,72.30495604465946,80.19,85.0,43.0,11.07,JP,14400,Southern
ilanskiy,"(56.03853032985921, 95.91579166345736)",56.03853032985921,95.91579166345736,7.86,80.0,46.0,2.91,JP,25200,Northern
coahuayana,"(-0.22361126159670164, -113.0065582173288)",-0.22361126159670164,-113.0065582173288,69.33,86.0,0.0,3.56,JP,-21600,Southern
west bay,"(19.040436771305693, -82.07731610960299)",19.040436771305693,-82.07731610960299,78.64,85.0,5.0,3.0,JP,-18000,Northern
brewster,"(42.09481044370568, -68.2564239477326)",42.09481044370568,-68.2564239477326,38.86,79.0,0.0,0.0,JP,-14400,Northern
vao,"(-23.981436260198393, 171.30177916721976)",-23.981436260198393,171.30177916721976,80.62,77.0,100.0,14.29,JP,39600,Southern
dingle,"(48.01617091874195, -16.581288869606055)",48.01617091874195,-16.581288869606055,91.36,55.0,33.0,8.12,JP,28800,Northern
burns lake,"(54.78731037583347, -125.99749489514592)",54.78731037583347,-125.99749489514592,33.22,93.0,92.0,3.6,JP,-25200,Northern
flinders,"(-34.26555352597171, 130.30765039425444)",-34.26555352597171,130.30765039425444,73.26,57.0,33.0,7.94,JP,39600,Southern
athabasca,"(56.692976920218086, -112.12643098936135)",56.692976920218086,-112.12643098936135,21.61,89.0,94.0,7.45,JP,-21600,Northern
akonolinga,"(3.556416894965537, 12.164109173918973)",3.556416894965537,12.164109173918973,67.55,98.0,48.0,2.44,JP,3600,Northern
paita,"(-8.559367710670628, -87.29331725502622)",-8.559367710670628,-87.29331725502622,76.35,80.0,100.0,7.85,JP,-18000,Southern
tuktoyaktuk,"(79.42836999607064, -122.01416124393134)",79.42836999607064,-122.01416124393134,-4.0,77.0,100.0,8.05,JP,-21600,Northern
leningradskiy,"(75.46979242246093, 176.6809702025439)",75.46979242246093,176.6809702025439,-13.85,98.0,31.0,2.21,JP,43200,Northern
takoradi,"(-1.958712386654824, -0.5891098571678128)",-1.958712386654824,-0.5891098571678128,76.66,88.0,100.0,6.24,JP,0,Southern
denpasar,"(-9.822716061763657, 114.75019445579488)",-9.822716061763657,114.75019445579488,88.72,70.0,20.0,11.5,JP,28800,Southern
tuatapere,"(-64.24916717415486, 154.99048791800539)",-64.24916717415486,154.99048791800539,51.82,91.0,100.0,5.97,JP,46800,Southern
saskylakh,"(83.58009735461877, 114.96338137086502)",83.58009735461877,114.96338137086502,-5.89,95.0,92.0,2.21,JP,32400,Northern
kasli,"(55.8489671788528, 60.84761631564936)",55.8489671788528,60.84761631564936,10.17,90.0,100.0,6.55,JP,18000,Northern
shilong,"(23.036706843802563, 113.88272396055322)",23.036706843802563,113.88272396055322,88.05,39.0,59.0,5.61,JP,28800,Northern
werda,"(-25.359006188334135, 23.88923510653032)",-25.359006188334135,23.88923510653032,58.95,86.0,32.0,4.94,JP,7200,Southern
luena,"(-10.982492329121015, 19.488188529793433)",-10.982492329121015,19.488188529793433,61.45,94.0,100.0,2.86,JP,3600,Southern
carnarvon,"(-27.135414549239528, 112.86084005445122)",-27.135414549239528,112.86084005445122,82.47,65.0,70.0,21.85,JP,28800,Southern
beringovskiy,"(59.83094081947763, 177.42835237236733)",59.83094081947763,177.42835237236733,-2.79,93.0,16.0,7.85,JP,43200,Northern
greytown,"(-28.967417565012646, 30.429059934968308)",-28.967417565012646,30.429059934968308,54.7,99.0,100.0,1.61,JP,7200,Southern
jijiga,"(9.464493833910097, 42.757235151928654)",9.464493833910097,42.757235151928654,67.51,37.0,1.0,11.07,JP,10800,Northern
cayenne,"(15.168796126763937, -42.284971817341244)",15.168796126763937,-42.284971817341244,79.09,1.0,75.0,5.75,JP,-10800,Northern
kyshtovka,"(57.56156208892011, 76.79343528434975)",57.56156208892011,76.79343528434975,8.56,91.0,89.0,7.99,JP,25200,Northern
neusiedl am see,"(47.974076819107665, 16.92648154727874)",47.974076819107665,16.92648154727874,37.11,69.0,100.0,8.01,JP,3600,Northern
miranda,"(-20.265124150834723, -57.019839090282574)",-20.265124150834723,-57.019839090282574,71.73,95.0,100.0,2.13,JP,-18000,Southern
craig,"(41.08971285659561, -108.2456455869454)",41.08971285659561,-108.2456455869454,29.79,64.0,0.0,4.61,JP,-21600,Northern
hanko,"(59.52135188813145, 23.13835439051212)",59.52135188813145,23.13835439051212,32.79,85.0,80.0,5.93,JP,7200,Northern
barahan,"(12.96915124506242, 120.72450392674943)",12.96915124506242,120.72450392674943,85.68,68.0,64.0,9.75,JP,28800,Northern
mar del plata,"(-55.481126497851115, -47.02311372652335)",-55.481126497851115,-47.02311372652335,65.79,91.0,0.0,13.0,JP,-10800,Southern
outlook,"(51.61906870613646, -107.49164430790319)",51.61906870613646,-107.49164430790319,19.47,96.0,100.0,5.57,JP,-21600,Northern
kamenka,"(67.79676743623111, 42.233271550837884)",67.79676743623111,42.233271550837884,20.39,96.0,98.0,8.93,JP,10800,Northern
puerto ayora,"(-11.347839772393783, -94.1184561445506)",-11.347839772393783,-94.1184561445506,75.54,95.0,36.0,3.78,JP,-21600,Southern
pangnirtung,"(63.16946422064797, -65.23269838266035)",63.16946422064797,-65.23269838266035,-22.34,99.0,100.0,4.12,JP,-14400,Northern
laiyang,"(36.62054733505448, 121.17907900897995)",36.62054733505448,121.17907900897995,62.76,32.0,73.0,17.43,JP,28800,Northern
phalombe,"(-15.877958091976538, 36.400191954497245)",-15.877958091976538,36.400191954497245,69.26,93.0,100.0,1.1,JP,7200,Southern
airai,"(10.32975282836928, 135.3436456856362)",10.32975282836928,135.3436456856362,74.7,65.0,98.0,2.59,JP,32400,Northern
surt,"(31.02850523689132, 17.565014556372034)",31.02850523689132,17.565014556372034,54.59,55.0,0.0,14.2,JP,7200,Northern
celestun,"(24.23567386746788, -93.3117961487982)",24.23567386746788,-93.3117961487982,74.5,90.0,0.0,9.04,JP,-21600,Northern
sola,"(-12.622385635159375, 171.09923418338963)",-12.622385635159375,171.09923418338963,83.23,74.0,61.0,12.1,JP,39600,Southern
san andres,"(14.971193608038064, -79.56303311787777)",14.971193608038064,-79.56303311787777,80.62,74.0,40.0,12.66,JP,-18000,Northern
istanbul,"(40.81490566225261, 28.960344254532828)",40.81490566225261,28.960344254532828,30.22,93.0,75.0,4.61,JP,10800,Northern
belaya gora,"(66.54428691214306, 147.38856693232162)",66.54428691214306,147.38856693232162,0.45,87.0,100.0,6.69,JP,39600,Northern
ndele,"(8.615566269874819, 21.341964064228677)",8.615566269874819,21.341964064228677,69.73,22.0,55.0,2.93,JP,3600,Northern
puerto suarez,"(-19.19258469554366, -57.93857168483218)",-19.19258469554366,-57.93857168483218,69.22,54.0,71.0,2.91,JP,-14400,Southern
itaberai,"(-15.811003762489563, -49.69475965672203)",-15.811003762489563,-49.69475965672203,68.79,93.0,100.0,4.12,JP,-10800,Southern
pudozh,"(62.59228613588897, 36.76998626240945)",62.59228613588897,36.76998626240945,6.28,99.0,68.0,3.51,JP,10800,Northern
linkou,"(45.02769786164032, 130.25037997820124)",45.02769786164032,130.25037997820124,31.48,77.0,85.0,2.64,JP,28800,Northern
sungurlu,"(40.220945711643765, 34.272899180947604)",40.220945711643765,34.272899180947604,24.58,82.0,64.0,3.2,JP,10800,Northern
kudahuvadhoo,"(2.1145454996558044, 69.36623002515958)",2.1145454996558044,69.36623002515958,81.36,75.0,94.0,5.88,JP,18000,Northern
srednekolymsk,"(67.11561695261204, 153.76603449593512)",67.11561695261204,153.76603449593512,-0.26,86.0,86.0,3.76,JP,39600,Northern
okhotsk,"(56.955154048347026, 145.96082933512946)",56.955154048347026,145.96082933512946,20.86,81.0,99.0,0.89,JP,36000,Northern
padilla,"(-19.06048222729943, -64.19355835765846)",-19.06048222729943,-64.19355835765846,72.97,95.0,100.0,1.83,JP,-18000,Southern
annau,"(38.90648601707184, 59.013384971798104)",38.90648601707184,59.013384971798104,38.7,93.0,100.0,4.61,JP,18000,Northern
soligalich,"(59.30217017272062, 41.78398239063728)",59.30217017272062,41.78398239063728,12.34,94.0,70.0,4.5,JP,10800,Northern
tanhacu,"(-14.11058867576017, -40.82961797585841)",-14.11058867576017,-40.82961797585841,70.09,91.0,68.0,3.85,JP,-10800,Southern
turukhansk,"(63.21674484438853, 89.50884452858372)",63.21674484438853,89.50884452858372,9.57,92.0,100.0,10.04,JP,25200,Northern
bilibino,"(72.8280809790576, 165.92267792264818)",72.8280809790576,165.92267792264818,3.15,84.0,1.0,1.36,JP,43200,Northern
khatanga,"(78.27713719391917, 100.85457585099323)",78.27713719391917,100.85457585099323,1.76,92.0,100.0,5.5,JP,25200,Northern
orkney,"(-27.058457736053867, 26.357334240807006)",-27.058457736053867,26.357334240807006,58.41,88.0,80.0,3.13,JP,7200,Southern
dogondoutchi,"(13.587696928747022, 4.058212404540797)",13.587696928747022,4.058212404540797,73.99,7.0,100.0,11.23,JP,3600,Northern
cuamba,"(-14.09102767628329, 37.260248865247064)",-14.09102767628329,37.260248865247064,70.7,97.0,100.0,1.32,JP,7200,Southern
gaya,"(12.310432155392235, 3.4940190372958853)",12.310432155392235,3.4940190372958853,80.51,47.0,0.0,5.75,JP,19800,Northern
biak,"(-0.8363474223058631, 136.03622648096)",-0.8363474223058631,136.03622648096,84.43,70.0,22.0,1.36,JP,28800,Southern
faya,"(18.793921290859316, 20.943968885001624)",18.793921290859316,20.943968885001624,55.92,78.0,30.0,4.36,JP,10800,Northern
iranshahr,"(27.299098136878428, 59.4920938578947)",27.299098136878428,59.4920938578947,75.54,25.0,0.0,6.91,JP,12600,Northern
carmen,"(19.265152040262805, -92.09484969580704)",19.265152040262805,-92.09484969580704,77.13,80.0,0.0,11.5,JP,-21600,Northern
bandarbeyla,"(4.63900615537257, 58.64437430696981)",4.63900615537257,58.64437430696981,79.16,68.0,8.0,12.37,JP,10800,Northern
juneau,"(59.67895385106661, -130.39728525268498)",59.67895385106661,-130.39728525268498,32.27,97.0,100.0,0.0,JP,-28800,Northern
kodiak,"(49.51355081036806, -149.08318031223547)",49.51355081036806,-149.08318031223547,38.71,70.0,100.0,6.91,JP,-28800,Northern
passo de camaragibe,"(-10.852148438015305, -33.47833386359011)",-10.852148438015305,-33.47833386359011,74.75,85.0,30.0,1.86,JP,-10800,Southern
georgetown,"(-4.1696924007202085, -20.685311066765763)",-4.1696924007202085,-20.685311066765763,89.26,70.0,20.0,8.05,JP,28800,Southern
avarua,"(-47.81761785290005, -162.32658343565654)",-47.81761785290005,-162.32658343565654,82.45,74.0,66.0,6.91,JP,-36000,Southern
gizo,"(-8.203536631110651, 157.8620809271339)",-8.203536631110651,157.8620809271339,85.21,68.0,51.0,4.72,JP,39600,Southern
butembo,"(0.3770453070175961, 29.00436964483282)",0.3770453070175961,29.00436964483282,60.64,83.0,93.0,3.36,JP,7200,Northern
thompson,"(66.98261379809091, -101.22444564591173)",66.98261379809091,-101.22444564591173,-0.24,55.0,100.0,0.0,JP,-18000,Northern
inyonga,"(-7.5863515268544575, 33.03020456834943)",-7.5863515268544575,33.03020456834943,65.59,92.0,100.0,0.43,JP,10800,Southern
najran,"(18.33679946122092, 45.14419148457321)",18.33679946122092,45.14419148457321,61.45,35.0,3.0,6.64,JP,10800,Northern
mount isa,"(-24.48025518050703, 141.57455029723621)",-24.48025518050703,141.57455029723621,94.77,36.0,75.0,4.61,JP,36000,Southern
chuy,"(-39.0770802479143, -47.98177278818926)",-39.0770802479143,-47.98177278818926,59.88,83.0,0.0,5.44,JP,-10800,Southern
chapais,"(52.71899184264265, -75.17911074247418)",52.71899184264265,-75.17911074247418,10.18,91.0,86.0,7.11,JP,-14400,Northern
kon tum,"(14.623110269489061, 108.06760908340715)",14.623110269489061,108.06760908340715,96.13,30.0,39.0,2.17,JP,25200,Northern
khed brahma,"(24.380553299714293, 73.42293564105415)",24.380553299714293,73.42293564105415,94.96,13.0,3.0,6.76,JP,19800,Northern
caravelas,"(-19.454331695433353, -34.92912786620056)",-19.454331695433353,-34.92912786620056,75.49,90.0,100.0,3.76,JP,-10800,Southern
acapulco,"(3.137650926286085, -105.4980215469087)",3.137650926286085,-105.4980215469087,75.02,88.0,0.0,5.75,JP,-21600,Northern
sun valley,"(39.913747631825544, -119.56409516793033)",39.913747631825544,-119.56409516793033,51.85,38.0,75.0,20.71,JP,-25200,Northern
balta,"(47.71463956383957, 29.674980742203815)",47.71463956383957,29.674980742203815,31.68,72.0,7.0,6.04,JP,7200,Northern
isla mujeres,"(23.83996377649872, -86.69337693902807)",23.83996377649872,-86.69337693902807,77.16,79.0,3.0,13.87,JP,-18000,Northern
puerto cabezas,"(14.350876251175663, -83.6118776012619)",14.350876251175663,-83.6118776012619,76.12,87.0,64.0,9.55,JP,-21600,Northern
oistins,"(11.018486334595153, -56.850610925618355)",11.018486334595153,-56.850610925618355,77.09,73.0,40.0,23.02,JP,-14400,Northern
ciudad bolivar,"(5.500823795454849, -63.608134974089225)",5.500823795454849,-63.608134974089225,78.15,70.0,90.0,11.63,JP,-14400,Northern
lebu,"(-33.691355508392675, -100.06736366754365)",-33.691355508392675,-100.06736366754365,57.42,93.0,3.0,14.27,JP,-10800,Southern
zhifang,"(30.324884732861605, 114.36426613375005)",30.324884732861605,114.36426613375005,75.18,57.0,0.0,5.93,JP,28800,Northern
kinshasa,"(-4.682360011899036, 16.636316757126252)",-4.682360011899036,16.636316757126252,71.98,88.0,40.0,9.22,JP,3600,Southern
bethel,"(52.49565784057586, -163.25975846967887)",52.49565784057586,-163.25975846967887,40.1,74.0,0.0,1.99,JP,-14400,Northern
ozark,"(31.473177909842164, -85.80385060215639)",31.473177909842164,-85.80385060215639,50.09,89.0,99.0,3.0,JP,-18000,Northern
nhulunbuy,"(-11.900516602653411, 138.78590367454774)",-11.900516602653411,138.78590367454774,88.41,70.0,40.0,9.22,JP,34200,Southern
anito,"(13.756805735212282, 127.00250110661699)",13.756805735212282,127.00250110661699,86.32,66.0,91.0,7.81,JP,28800,Northern
hirara,"(21.98521720361572, 127.9400369870192)",21.98521720361572,127.9400369870192,77.27,61.0,40.0,6.91,JP,32400,Northern
kavieng,"(-2.774146254318225, 149.31291381551978)",-2.774146254318225,149.31291381551978,85.19,69.0,89.0,10.42,JP,36000,Southern
saint-joseph,"(-21.71842484354434, 55.462192191003595)",-21.71842484354434,55.462192191003595,79.18,82.0,27.0,9.66,JP,14400,Southern
tromso,"(69.95842541476898, 19.3722193514821)",69.95842541476898,19.3722193514821,37.38,75.0,75.0,6.91,JP,3600,Northern
port hardy,"(41.539344657702145, -141.2781024164494)",41.539344657702145,-141.2781024164494,46.58,87.0,100.0,10.36,JP,-25200,Northern
krechevitsy,"(58.911455172340936, 31.38108191053786)",58.911455172340936,31.38108191053786,30.04,91.0,100.0,4.45,JP,10800,Northern
bathsheba,"(18.185804144632186, -53.81641500850044)",18.185804144632186,-53.81641500850044,77.61,73.0,40.0,23.02,JP,-14400,Northern
touros,"(-1.738344551253249, -29.899918621216273)",-1.738344551253249,-29.899918621216273,79.23,80.0,75.0,9.15,JP,-10800,Southern
college,"(65.63054877735917, -148.29359483041156)",65.63054877735917,-148.29359483041156,-1.17,51.0,20.0,0.0,JP,-28800,Northern
hermanus,"(-66.85849778166221, 1.5192307350811234)",-66.85849778166221,1.5192307350811234,50.81,83.0,1.0,8.72,JP,7200,Southern
micheweni,"(-5.220192103690778, 41.231357254718006)",-5.220192103690778,41.231357254718006,81.41,69.0,100.0,7.02,JP,10800,Southern
cherskiy,"(81.03050612211959, 159.8384800911196)",81.03050612211959,159.8384800911196,-4.63,95.0,24.0,1.3,JP,39600,Northern
maniitsoq,"(61.2178725379695, -59.527678633234046)",61.2178725379695,-59.527678633234046,-8.97,97.0,100.0,8.97,JP,-10800,Northern
ropczyce,"(50.091605162166104, 21.715282274096438)",50.091605162166104,21.715282274096438,33.71,65.0,54.0,5.64,JP,3600,Northern
mariental,"(-25.445696257069173, 18.73297857246851)",-25.445696257069173,18.73297857246851,61.84,50.0,4.0,6.11,JP,7200,Southern
namatanai,"(1.8347515520637927, 155.17346916804559)",1.8347515520637927,155.17346916804559,85.37,68.0,94.0,11.32,JP,36000,Northern
anzio,"(41.185043925881274, 12.447411652445822)",41.185043925881274,12.447411652445822,46.38,66.0,81.0,10.51,JP,3600,Northern
maumere,"(-7.696785140925556, 122.52830350609975)",-7.696785140925556,122.52830350609975,85.51,70.0,100.0,3.49,JP,28800,Southern
salinas,"(-2.2830096158131, -84.78371485912785)",-2.2830096158131,-84.78371485912785,55.42,61.0,100.0,5.75,JP,-25200,Southern
manaus,"(-1.1453471735568286, -60.582940152280955)",-1.1453471735568286,-60.582940152280955,75.69,100.0,75.0,3.44,JP,-14400,Southern
darnah,"(34.27235904689452, 21.791930024056512)",34.27235904689452,21.791930024056512,52.18,60.0,83.0,17.4,JP,7200,Northern
tabas,"(33.81742063168612, 57.67627504870484)",33.81742063168612,57.67627504870484,76.5,24.0,79.0,2.8,JP,12600,Northern
port macquarie,"(-35.009141477735284, 160.92023562522974)",-35.009141477735284,160.92023562522974,75.88,72.0,13.0,10.0,JP,39600,Southern
myitkyina,"(25.45328323494728, 97.56366090191807)",25.45328323494728,97.56366090191807,98.64,16.0,97.0,0.96,JP,23400,Northern
camapua,"(-18.648294410656064, -53.535297973010344)",-18.648294410656064,-53.535297973010344,68.43,87.0,55.0,3.98,JP,-14400,Southern
georgiyevka,"(43.27408103351479, 74.81790025818768)",43.27408103351479,74.81790025818768,41.04,100.0,100.0,8.95,JP,21600,Northern
zabid,"(14.463732118838621, 42.464999719922105)",14.463732118838621,42.464999719922105,79.16,67.0,35.0,8.39,JP,10800,Northern
taraz,"(42.91756055757861, 71.34798538953731)",42.91756055757861,71.34798538953731,36.01,100.0,100.0,8.95,JP,21600,Northern
morondava,"(-20.379170173811815, 42.05068194013052)",-20.379170173811815,42.05068194013052,79.74,79.0,96.0,4.36,JP,10800,Southern
victor harbor,"(-38.09030214610415, 137.2791984310308)",-38.09030214610415,137.2791984310308,83.34,42.0,48.0,11.54,JP,37800,Southern
tiarei,"(-12.479504934458106, -147.42686640514214)",-12.479504934458106,-147.42686640514214,84.22,71.0,45.0,5.48,JP,-36000,Southern
rincon,"(13.192089811838983, -67.23329757943182)",13.192089811838983,-67.23329757943182,53.01,75.0,0.0,8.05,JP,-14400,Northern
miraflores,"(-1.0680343388232245, -71.81088158658227)",-1.0680343388232245,-71.81088158658227,63.14,53.0,38.0,3.4,JP,-21600,Southern
nyurba,"(64.31577747410918, 118.87257302562699)",64.31577747410918,118.87257302562699,0.64,82.0,100.0,4.43,JP,32400,Northern
sawai madhopur,"(26.200494270618336, 76.36955384177571)",26.200494270618336,76.36955384177571,91.6,14.0,2.0,11.36,JP,19800,Northern
kindu,"(-1.7928918261942073, 24.67696493250105)",-1.7928918261942073,24.67696493250105,68.95,99.0,100.0,2.84,JP,7200,Southern
hualmay,"(-19.385836835932622, -91.97975095744181)",-19.385836835932622,-91.97975095744181,72.43,77.0,50.0,5.21,JP,-18000,Southern
cotonou,"(3.6665932648502206, 2.6988122780847164)",3.6665932648502206,2.6988122780847164,81.97,81.0,100.0,10.71,JP,3600,Northern
ailigandi,"(10.157415146240197, -77.22005580374491)",10.157415146240197,-77.22005580374491,78.51,83.0,100.0,12.5,JP,-18000,Northern
arraial do cabo,"(-36.91066343597184, -31.253589381269506)",-36.91066343597184,-31.253589381269506,76.51,90.0,2.0,14.74,JP,-10800,Southern
izhevskoye,"(54.48362276761978, 41.09969313169546)",54.48362276761978,41.09969313169546,19.81,92.0,98.0,11.03,JP,10800,Northern
constitucion,"(13.027473688295558, -125.62630861240945)",13.027473688295558,-125.62630861240945,60.31,71.0,0.0,3.47,JP,-10800,Northern
mindelo,"(15.329152371567133, -28.408325622966885)",15.329152371567133,-28.408325622966885,69.35,60.0,75.0,25.32,JP,-3600,Northern
san fernando,"(24.992361760043977, -98.40691217547518)",24.992361760043977,-98.40691217547518,95.2,43.0,48.0,7.31,JP,28800,Northern
north bend,"(44.127767888948114, -126.17588182956051)",44.127767888948114,-126.17588182956051,52.03,97.0,100.0,18.41,JP,-25200,Northern
ilulissat,"(72.25059139941294, -48.93904548371617)",72.25059139941294,-48.93904548371617,-0.38,78.0,75.0,16.11,JP,-10800,Northern
chokurdakh,"(84.21564862622873, 149.4302450387204)",84.21564862622873,149.4302450387204,-2.9,93.0,100.0,6.02,JP,39600,Northern
rocha,"(-47.059138628952496, -42.62958249204726)",-47.059138628952496,-42.62958249204726,57.09,74.0,0.0,5.75,JP,-10800,Southern
cidreira,"(-35.78259604438887, -43.50960747748414)",-35.78259604438887,-43.50960747748414,69.96,92.0,100.0,5.73,JP,-10800,Southern
saint-francois,"(22.949368502279412, -46.15784946447323)",22.949368502279412,-46.15784946447323,53.01,72.0,0.0,13.8,JP,3600,Northern
tiksi,"(80.41778157695472, 122.97878164590509)",80.41778157695472,122.97878164590509,-7.58,95.0,100.0,4.12,JP,32400,Northern
batagay,"(67.19844191535108, 136.6045362508038)",67.19844191535108,136.6045362508038,-1.17,83.0,100.0,2.77,JP,36000,Northern
puri,"(17.940987994321503, 86.43104982246456)",17.940987994321503,86.43104982246456,90.12,47.0,25.0,6.93,JP,19800,Northern
mayuge,"(-0.07717265878946478, 33.446359967021124)",-0.07717265878946478,33.446359967021124,68.23,76.0,83.0,0.58,JP,10800,Southern
ucluelet,"(46.734767631237986, -126.80659862565193)",46.734767631237986,-126.80659862565193,45.09,94.0,100.0,5.01,JP,-25200,Northern
teguldet,"(60.68682729834907, 88.67434882954933)",60.68682729834907,88.67434882954933,12.63,76.0,21.0,4.05,JP,25200,Northern
bud,"(64.49438889149107, 6.021846351228305)",64.49438889149107,6.021846351228305,47.62,49.0,84.0,7.61,JP,-14400,Northern
monrovia,"(0.7931939009442743, -14.88894957762443)",0.7931939009442743,-14.88894957762443,78.01,89.0,100.0,9.6,JP,0,Northern
thinadhoo,"(1.4075006578195541, 64.24296407444558)",1.4075006578195541,64.24296407444558,83.61,71.0,100.0,9.44,JP,18000,Northern
jalalpur,"(26.45221046070725, 82.61040464476207)",26.45221046070725,82.61040464476207,69.67,78.0,5.0,0.0,JP,18000,Northern
teguise,"(31.058755253125867, -13.743226918106643)",31.058755253125867,-13.743226918106643,53.82,72.0,20.0,17.27,JP,0,Northern
avera,"(-30.377398355704187, -156.7635693364416)",-30.377398355704187,-156.7635693364416,49.46,58.0,89.0,6.91,JP,-14400,Southern
mandalgovi,"(44.60610513347984, 107.53571313551373)",44.60610513347984,107.53571313551373,25.68,66.0,77.0,13.85,JP,28800,Northern
noumea,"(-29.370667090869027, 164.2681633316456)",-29.370667090869027,164.2681633316456,86.0,99.0,80.0,2.01,JP,39600,Southern
nizhniy ingash,"(56.176129162870666, 96.3020652658858)",56.176129162870666,96.3020652658858,11.62,70.0,55.0,1.92,JP,25200,Northern
yarada,"(16.33331106188571, 83.49573403370954)",16.33331106188571,83.49573403370954,88.12,51.0,20.0,4.61,JP,19800,Northern
nilanga,"(18.225263587290883, 76.75773074895392)",18.225263587290883,76.75773074895392,89.87,13.0,22.0,7.09,JP,19800,Northern
bestobe,"(52.175630448801456, 73.2857422574464)",52.175630448801456,73.2857422574464,10.76,92.0,99.0,7.85,JP,21600,Northern
lethem,"(2.981192848078706, -58.19067985186069)",2.981192848078706,-58.19067985186069,75.61,85.0,97.0,5.68,JP,-14400,Northern
sorland,"(71.96099188279021, 5.816670035483099)",71.96099188279021,5.816670035483099,41.97,81.0,98.0,20.0,JP,3600,Northern
vila franca do campo,"(36.23211588391979, -24.62256642444879)",36.23211588391979,-24.62256642444879,59.2,79.0,95.0,3.13,JP,-3600,Northern
eydhafushi,"(4.62218563992036, 69.97175815335743)",4.62218563992036,69.97175815335743,82.26,72.0,92.0,5.17,JP,18000,Northern
vanimo,"(0.70613243303481, 142.3915143044851)",0.70613243303481,142.3915143044851,85.59,65.0,92.0,8.19,JP,36000,Northern
deputatskiy,"(67.76524579950237, 140.18829037253965)",67.76524579950237,140.18829037253965,-5.15,88.0,99.0,3.96,JP,36000,Northern
solnechnyy,"(61.82737381127913, 140.38245556297647)",61.82737381127913,140.38245556297647,25.43,87.0,100.0,5.77,JP,36000,Northern
vicar,"(37.1815746006548, -2.5698293124610814)",37.1815746006548,-2.5698293124610814,68.2,61.0,100.0,8.37,JP,3600,Northern
isangel,"(-17.7467212432217, 175.39252865819435)",-17.7467212432217,175.39252865819435,85.01,69.0,29.0,6.15,JP,39600,Southern
ishinomaki,"(37.332620315780446, 143.13072683025615)",37.332620315780446,143.13072683025615,60.8,66.0,50.0,25.39,JP,32400,Northern
cabo san lucas,"(18.191789359624636, -110.22415914333946)",18.191789359624636,-110.22415914333946,70.52,42.0,39.0,1.99,JP,-25200,Northern
strezhevoy,"(58.82452698561917, 77.14782732238456)",58.82452698561917,77.14782732238456,7.34,92.0,87.0,7.2,JP,25200,Northern
rundu,"(-16.498647394236585, 20.426913773814448)",-16.498647394236585,20.426913773814448,65.25,97.0,100.0,5.01,JP,7200,Southern
usinsk,"(69.9233126622216, 57.57497090794607)",69.9233126622216,57.57497090794607,2.16,100.0,97.0,4.94,JP,10800,Northern
luang prabang,"(19.99456309919978, 102.9472555827573)",19.99456309919978,102.9472555827573,84.16,65.0,75.0,2.3,JP,25200,Northern
pevek,"(87.26598254114575, 168.16520571499547)",87.26598254114575,168.16520571499547,-15.97,96.0,22.0,2.48,JP,43200,Northern
calama,"(-22.640033497909485, -67.60165507360162)",-22.640033497909485,-67.60165507360162,55.89,62.0,40.0,5.75,JP,-10800,Southern
royan,"(45.531821457526775, -1.9363250388737185)",45.531821457526775,-1.9363250388737185,49.78,83.0,93.0,18.7,JP,3600,Northern
awbari,"(26.876201152829807, 11.687605552076548)",26.876201152829807,11.687605552076548,52.68,39.0,0.0,13.6,JP,7200,Northern
te anau,"(-45.50943149412986, 163.39106169368773)",-45.50943149412986,163.39106169368773,54.45,88.0,100.0,5.35,JP,46800,Southern
nizhnyaya tura,"(58.8711719256988, 60.089487956806806)",58.8711719256988,60.089487956806806,8.6,92.0,100.0,8.12,JP,18000,Northern
mahibadhoo,"(3.5368988231717964, 72.20212917353018)",3.5368988231717964,72.20212917353018,82.85,68.0,99.0,4.63,JP,18000,Northern
ust-kuyga,"(70.98082695605291, 132.7334789151501)",70.98082695605291,132.7334789151501,-9.47,92.0,100.0,5.17,JP,36000,Northern
dakar,"(13.825662522810688, -20.318135591161308)",13.825662522810688,-20.318135591161308,65.28,87.0,20.0,22.5,JP,0,Northern
bima,"(-7.52087966462183, 118.11519131384227)",-7.52087966462183,118.11519131384227,86.54,77.0,55.0,2.42,JP,28800,Southern
polson,"(47.597423331609576, -113.70174513252196)",47.597423331609576,-113.70174513252196,40.93,74.0,100.0,3.49,JP,-21600,Northern
kargasok,"(61.21687163332288, 80.2455685134401)",61.21687163332288,80.2455685134401,5.52,90.0,97.0,2.86,JP,25200,Northern
senhor do bonfim,"(-10.395200510780128, -40.149402487972395)",-10.395200510780128,-40.149402487972395,68.83,95.0,33.0,3.78,JP,-10800,Southern
aklavik,"(78.50929817983314, -143.77495658133947)",78.50929817983314,-143.77495658133947,-8.36,92.0,100.0,6.31,JP,-21600,Northern
dunedin,"(-56.897632387039316, 178.07176228177815)",-56.897632387039316,178.07176228177815,50.81,94.0,100.0,1.99,JP,46800,Southern
kirkwood,"(-33.36506887553977, 25.85687864735675)",-33.36506887553977,25.85687864735675,51.85,77.0,97.0,1.99,JP,-18000,Southern
vostok,"(52.90097741153474, 148.15634414448897)",52.90097741153474,148.15634414448897,31.33,81.0,100.0,3.71,JP,36000,Northern
beroroha,"(-20.858623063683595, 45.19616916870174)",-20.858623063683595,45.19616916870174,80.65,65.0,81.0,4.59,JP,10800,Southern
kati,"(13.11819481053395, -8.61390677639639)",13.11819481053395,-8.61390677639639,72.81,14.0,86.0,3.58,JP,0,Northern
anadyr,"(64.12931172787899, 177.76842819785372)",64.12931172787899,177.76842819785372,0.1,71.0,0.0,2.24,JP,43200,Northern
zhangjiakou,"(42.359161245985575, 115.08235924321127)",42.359161245985575,115.08235924321127,57.92,19.0,2.0,16.64,JP,28800,Northern
hithadhoo,"(-15.616308489118097, 83.38582804671182)",-15.616308489118097,83.38582804671182,83.07,73.0,100.0,11.16,JP,18000,Southern
nemuro,"(33.6531554207465, 153.31215208500282)",33.6531554207465,153.31215208500282,31.64,97.0,100.0,18.59,JP,32400,Northern
mehamn,"(84.09590580691082, 27.467227176895534)",84.09590580691082,27.467227176895534,37.35,70.0,0.0,17.27,JP,3600,Northern
steinbach,"(49.01228937634332, -96.36791009467892)",49.01228937634332,-96.36791009467892,40.69,83.0,0.0,5.75,JP,3600,Northern
zhigansk,"(67.13714285449592, 119.81659847376233)",67.13714285449592,119.81659847376233,-7.08,86.0,100.0,5.03,JP,32400,Northern
trofors,"(64.81867207728257, 13.581645642041622)",64.81867207728257,13.581645642041622,25.88,71.0,20.0,3.53,JP,3600,Northern
mwinilunga,"(-10.492364345795238, 23.97650106995465)",-10.492364345795238,23.97650106995465,61.57,96.0,98.0,2.35,JP,7200,Southern
richards bay,"(-29.757864557661605, 37.891886767963456)",-29.757864557661605,37.891886767963456,66.09,94.0,100.0,14.29,JP,7200,Southern
conde,"(-13.814281396359362, -34.81886716664238)",-13.814281396359362,-34.81886716664238,76.46,100.0,40.0,4.61,JP,-10800,Southern
waingapu,"(-13.012913702145752, 119.43414338557614)",-13.012913702145752,119.43414338557614,87.21,69.0,48.0,9.28,JP,28800,Southern
kavaratti,"(12.900611549484793, 69.96493818014852)",12.900611549484793,69.96493818014852,83.44,69.0,53.0,3.29,JP,19800,Northern
udachnyy,"(66.1989775624885, 113.54851609365642)",66.1989775624885,113.54851609365642,-2.56,58.0,92.0,4.16,JP,32400,Northern
goderich,"(6.35635187471685, -18.46577245795865)",6.35635187471685,-18.46577245795865,34.11,86.0,100.0,8.05,JP,-14400,Northern
brae,"(67.82863081368379, -1.3293106243370971)",67.82863081368379,-1.3293106243370971,42.98,88.0,7.0,13.91,JP,0,Northern
nanchong,"(30.83512794687047, 106.13531453590161)",30.83512794687047,106.13531453590161,87.06,38.0,63.0,4.14,JP,28800,Northern
ancud,"(-41.12523252995161, -90.06894328561839)",-41.12523252995161,-90.06894328561839,54.37,93.0,3.0,3.4,JP,-10800,Southern
bahar,"(35.15666015479023, 48.85732726809172)",35.15666015479023,48.85732726809172,33.96,64.0,20.0,2.3,JP,12600,Northern
wahiawa,"(22.410852763776845, -157.82887302045265)",22.410852763776845,-157.82887302045265,73.18,70.0,40.0,0.0,JP,-36000,Northern
lorengau,"(1.7610812861709633, 144.2654670360523)",1.7610812861709633,144.2654670360523,85.95,67.0,39.0,8.86,JP,36000,Northern
dandong,"(39.50693980294585, 124.34317082477855)",39.50693980294585,124.34317082477855,43.86,53.0,100.0,14.09,JP,28800,Northern
hokitika,"(-42.71292214083395, 171.03841509015524)",-42.71292214083395,171.03841509015524,68.34,53.0,1.0,3.42,JP,46800,Southern
hit,"(31.901183705624305, 41.431941257986836)",31.901183705624305,41.431941257986836,49.1,38.0,43.0,11.81,JP,10800,Northern
guiyang,"(25.931398335957752, 106.76605169246506)",25.931398335957752,106.76605169246506,73.89,60.0,40.0,15.66,JP,28800,Northern
itaueira,"(-7.366786248075385, -43.12209559082066)",-7.366786248075385,-43.12209559082066,74.39,90.0,99.0,2.37,JP,-10800,Southern
okha,"(55.353101124956424, 143.1299116344831)",55.353101124956424,143.1299116344831,21.33,83.0,100.0,6.2,JP,39600,Northern
maxixe,"(-23.655414687784983, 34.4314673404171)",-23.655414687784983,34.4314673404171,77.85,94.0,40.0,0.0,JP,7200,Southern
manaure,"(14.416407860120856, -72.99019194732995)",14.416407860120856,-72.99019194732995,77.9,76.0,46.0,13.22,JP,-18000,Northern
karratha,"(-22.3769377594556, 115.46809528374285)",-22.3769377594556,115.46809528374285,102.04,27.0,7.0,9.8,JP,28800,Southern
nome,"(71.99567773761592, -165.1888061795428)",71.99567773761592,-165.1888061795428,6.87,56.0,0.0,24.16,JP,-28800,Northern
necochea,"(-50.223936817306054, -54.331048369254134)",-50.223936817306054,-54.331048369254134,59.36,80.0,67.0,3.65,JP,-10800,Southern
taoudenni,"(25.806368033583183, -5.619397334449417)",25.806368033583183,-5.619397334449417,68.74,28.0,2.0,5.95,JP,0,Northern
berezanka,"(46.83367180882976, 31.45526786834114)",46.83367180882976,31.45526786834114,32.38,72.0,21.0,7.83,JP,7200,Northern
nyuksenitsa,"(60.635869209373, 44.08450192002039)",60.635869209373,44.08450192002039,12.36,93.0,72.0,4.36,JP,10800,Northern
ngunguru,"(-34.78382372303843, 176.0424769658827)",-34.78382372303843,176.0424769658827,68.88,72.0,96.0,2.59,JP,46800,Southern
san patricio,"(2.9551090853675532, -112.12829472649837)",2.9551090853675532,-112.12829472649837,67.05,93.0,8.0,10.22,JP,-18000,Northern
tias,"(29.574318681233976, -14.760283823076094)",29.574318681233976,-14.760283823076094,55.08,72.0,20.0,17.27,JP,0,Northern
katangli,"(51.99716245023103, 144.94205703597896)",51.99716245023103,144.94205703597896,26.42,81.0,100.0,10.49,JP,39600,Northern
vilyuysk,"(60.5104624604856, 122.27923723316331)",60.5104624604856,122.27923723316331,2.34,84.0,100.0,4.99,JP,32400,Northern
shieli,"(45.61368464536281, 67.51110169769319)",45.61368464536281,67.51110169769319,35.96,57.0,99.0,12.26,JP,18000,Northern
san cristobal,"(-6.365747161290145, -90.92206263312693)",-6.365747161290145,-90.92206263312693,68.18,94.0,95.0,2.13,JP,-14400,Southern
aransas pass,"(27.079353220126407, -96.25816910647102)",27.079353220126407,-96.25816910647102,67.44,96.0,0.0,14.97,JP,-18000,Northern
iskateley,"(70.0926407216605, 55.786664114680974)",70.0926407216605,55.786664114680974,7.21,95.0,69.0,9.62,JP,10800,Northern
batticaloa,"(10.275409015956328, 85.82005898229517)",10.275409015956328,85.82005898229517,80.89,73.0,97.0,5.68,JP,19800,Northern
saucillo,"(28.414436614828432, -104.32707915490144)",28.414436614828432,-104.32707915490144,57.31,14.0,0.0,10.02,JP,-25200,Northern
corridonia,"(43.0607101248759, 13.515664551639759)",43.0607101248759,13.515664551639759,42.21,68.0,71.0,3.0,JP,3600,Northern
nuuk,"(61.84689905674301, -54.67970079156488)",61.84689905674301,-54.67970079156488,-8.23,96.0,100.0,6.4,JP,-10800,Northern
severnoye,"(57.34661876034352, 78.43074502426578)",57.34661876034352,78.43074502426578,8.38,89.0,90.0,8.43,JP,25200,Northern
kundiawa,"(-7.043892424202028, 144.77167805815623)",-7.043892424202028,144.77167805815623,73.78,66.0,100.0,1.07,JP,36000,Southern
burnie,"(-40.535723669074294, 145.9363643596215)",-40.535723669074294,145.9363643596215,70.92,74.0,100.0,13.8,JP,39600,Southern
svolvaer,"(68.10127394928094, 14.569836716843497)",68.10127394928094,14.569836716843497,42.75,56.0,75.0,4.61,JP,3600,Northern
okakarara,"(-20.63159684881562, 17.887884529377686)",-20.63159684881562,17.887884529377686,59.77,94.0,75.0,4.88,JP,7200,Southern
caxito,"(-7.97759574452607, 13.481847682522158)",-7.97759574452607,13.481847682522158,76.05,91.0,98.0,1.7,JP,3600,Southern
lincoln,"(40.194238747662865, -89.38127028524073)",40.194238747662865,-89.38127028524073,38.26,76.0,0.0,12.66,JP,-18000,Northern
aripuana,"(-9.54247232869244, -59.19366760518287)",-9.54247232869244,-59.19366760518287,71.62,100.0,100.0,0.11,JP,-14400,Southern
praia da vitoria,"(40.33691351156642, -26.700264074725425)",40.33691351156642,-26.700264074725425,61.05,88.0,75.0,7.14,JP,-3600,Northern
luderitz,"(-28.061983730599962, 4.955884271905916)",-28.061983730599962,4.955884271905916,61.07,59.0,4.0,16.28,JP,7200,Southern
oranjemund,"(-33.76480684150943, 7.068383103112524)",-33.76480684150943,7.068383103112524,57.94,80.0,0.0,13.29,JP,7200,Southern
dongying,"(38.026341540484964, 118.97479695031143)",38.026341540484964,118.97479695031143,71.47,25.0,56.0,17.09,JP,28800,Northern
longyearbyen,"(76.51563467624541, 17.279797236666127)",76.51563467624541,17.279797236666127,33.64,75.0,75.0,14.97,JP,3600,Northern
inhambane,"(-24.818479973445065, 36.99649924644871)",-24.818479973445065,36.99649924644871,78.01,94.0,40.0,0.0,JP,7200,Southern
alice springs,"(-26.35283864148367, 137.24726634838152)",-26.35283864148367,137.24726634838152,98.15,12.0,47.0,6.91,JP,34200,Southern
hambantota,"(-1.311749319926406, 83.53807009250454)",-1.311749319926406,83.53807009250454,83.03,70.0,87.0,5.35,JP,19800,Southern
yerbogachen,"(61.58936909290949, 107.80422878740808)",61.58936909290949,107.80422878740808,-0.15,85.0,100.0,5.66,JP,28800,Northern
awjilah,"(27.124270531863814, 19.507403779531018)",27.124270531863814,19.507403779531018,48.45,44.0,0.0,9.08,JP,7200,Northern
sao domingos do maranhao,"(-5.8202960879756915, -44.33991934382294)",-5.8202960879756915,-44.33991934382294,71.04,99.0,98.0,2.89,JP,-10800,Southern
verkhnyaya inta,"(67.08678645752335, 60.84408152625568)",67.08678645752335,60.84408152625568,8.89,96.0,100.0,7.72,JP,10800,Northern
providencia,"(28.93970666497303, -112.08169429399159)",28.93970666497303,-112.08169429399159,62.92,31.0,0.0,5.84,JP,-25200,Northern
taylors,"(35.0271992234438, -82.30755782564404)",35.0271992234438,-82.30755782564404,42.42,74.0,0.0,1.99,JP,-14400,Northern
la romana,"(17.956331371447746, -68.60843992701112)",17.956331371447746,-68.60843992701112,73.65,82.0,6.0,12.82,JP,-14400,Northern
clyde river,"(70.74977732678039, -82.68797975753179)",70.74977732678039,-82.68797975753179,-7.37,77.0,100.0,14.97,JP,-14400,Northern
tukrah,"(33.632538176750344, 20.00795095033837)",33.632538176750344,20.00795095033837,48.74,78.0,29.0,10.96,JP,7200,Northern
the valley,"(20.97869778120034, -62.97311772879891)",20.97869778120034,-62.97311772879891,75.06,76.0,12.0,26.04,JP,-14400,Northern
erzin,"(50.23693290747971, 94.7336916119952)",50.23693290747971,94.7336916119952,35.44,51.0,2.0,6.58,JP,10800,Northern
wanlaweyn,"(2.667960220249725, 44.15066330809543)",2.667960220249725,44.15066330809543,80.06,72.0,100.0,16.31,JP,10800,Northern
belmonte,"(-17.758562816836502, -29.6097570873346)",-17.758562816836502,-29.6097570873346,76.28,88.0,95.0,3.6,JP,-10800,Southern
tatawin,"(32.289656058704225, 10.005133442521299)",32.289656058704225,10.005133442521299,54.63,51.0,8.0,6.13,JP,3600,Northern
hobyo,"(2.656845837218839, 51.1616737624862)",2.656845837218839,51.1616737624862,80.55,66.0,100.0,16.24,JP,10800,Northern
pareora,"(-45.01298484597099, 171.9971743985305)",-45.01298484597099,171.9971743985305,61.18,70.0,70.0,10.07,JP,46800,Southern
beira,"(-21.09393348351138, 37.44035338734926)",-21.09393348351138,37.44035338734926,75.09,94.0,40.0,5.01,JP,7200,Southern
paamiut,"(62.2642961895192, -47.6321949005918)",62.2642961895192,-47.6321949005918,6.31,90.0,100.0,10.6,JP,-10800,Northern
beian,"(48.42452102907717, 126.41706192815315)",48.42452102907717,126.41706192815315,37.47,60.0,0.0,9.22,JP,3600,Northern
melendugno,"(40.43001853400585, 18.60817344190383)",40.43001853400585,18.60817344190383,32.09,100.0,0.0,1.14,JP,3600,Northern
vinh,"(18.756767151020398, 106.06536256429985)",18.756767151020398,106.06536256429985,75.27,85.0,99.0,3.2,JP,25200,Northern
fortuna,"(37.79224400884996, -140.27939805205924)",37.79224400884996,-140.27939805205924,52.18,93.0,100.0,13.8,JP,-25200,Northern
chinsali,"(-10.51443767340163, 31.917840290762342)",-10.51443767340163,31.917840290762342,62.83,94.0,99.0,2.35,JP,7200,Southern
ballina,"(57.95084925014024, -12.584635549165654)",57.95084925014024,-12.584635549165654,77.04,78.0,40.0,16.11,JP,39600,Northern
mataram,"(-8.641598784951356, 116.07716026400357)",-8.641598784951356,116.07716026400357,90.41,75.0,46.0,1.9,JP,28800,Southern
pascagoula,"(28.82750796705818, -88.0659627956572)",28.82750796705818,-88.0659627956572,61.74,87.0,100.0,6.91,JP,-18000,Northern
axim,"(3.0590726430387463, -2.731050809650924)",3.0590726430387463,-2.731050809650924,76.57,88.0,100.0,5.99,JP,0,Northern
arman,"(59.10152397763781, 149.89082221766)",59.10152397763781,149.89082221766,28.02,83.0,77.0,4.43,JP,39600,Northern
cockburn town,"(25.12920157219189, -72.30763250190346)",25.12920157219189,-72.30763250190346,77.68,68.0,5.0,23.04,JP,-14400,Northern
sioux lookout,"(56.25393885263165, -91.42543447217174)",56.25393885263165,-91.42543447217174,12.27,92.0,100.0,3.44,JP,-18000,Northern
dali,"(24.85574191268539, 99.72785380057758)",24.85574191268539,99.72785380057758,74.52,21.0,86.0,4.83,JP,28800,Northern
amazar,"(54.539082128915226, 121.34485359972899)",54.539082128915226,121.34485359972899,15.69,68.0,97.0,9.04,JP,32400,Northern
banjar,"(-13.339163743076568, 105.55185470740537)",-13.339163743076568,105.55185470740537,84.96,83.0,75.0,0.94,JP,28800,Southern
kemijarvi,"(68.07689965449899, 27.173233855935564)",68.07689965449899,27.173233855935564,13.89,99.0,100.0,2.75,JP,7200,Northern
naryan-mar,"(68.5861822972461, 52.17927396858721)",68.5861822972461,52.17927396858721,7.41,95.0,66.0,9.62,JP,10800,Northern
ponta do sol,"(21.489238215400633, -25.39932660109858)",21.489238215400633,-25.39932660109858,56.44,75.0,91.0,16.31,JP,0,Northern
parana,"(-12.421886549607166, -48.002880988169295)",-12.421886549607166,-48.002880988169295,63.46,96.0,1.0,5.5,JP,-10800,Southern
moose factory,"(57.83738802489671, -76.2066961531624)",57.83738802489671,-76.2066961531624,-0.42,65.0,0.0,5.75,JP,-14400,Northern
luau,"(-10.446385027110324, 22.480885237450252)",-10.446385027110324,22.480885237450252,63.3,96.0,99.0,1.99,JP,3600,Southern
pauini,"(-7.922743906031101, -66.37874013379158)",-7.922743906031101,-66.37874013379158,72.46,99.0,99.0,0.4,JP,-14400,Southern
alofi,"(-19.001804857382382, -169.3271413346986)",-19.001804857382382,-169.3271413346986,82.29,83.0,40.0,3.44,JP,-39600,Southern
luganville,"(-14.6477701170313, 165.12583013450478)",-14.6477701170313,165.12583013450478,86.05,69.0,96.0,7.36,JP,39600,Southern
pouebo,"(-19.91037248816494, 165.01370675573844)",-19.91037248816494,165.01370675573844,84.15,70.0,18.0,8.08,JP,39600,Southern
paracatu,"(-17.257216897189736, -47.15667703839537)",-17.257216897189736,-47.15667703839537,67.59,96.0,100.0,1.32,JP,-10800,Southern
egvekinot,"(60.8814436396336, -179.61858430837742)",60.8814436396336,-179.61858430837742,-5.62,83.0,1.0,8.01,JP,43200,Northern
delta del tigre,"(-35.23442851149002, -56.46846175087697)",-35.23442851149002,-56.46846175087697,60.91,65.0,0.0,8.93,JP,-10800,Southern
vavuniya,"(8.7076828677598, 80.51126653764709)",8.7076828677598,80.51126653764709,90.25,39.0,73.0,3.8,JP,19800,Northern
tacuarembo,"(-32.02392287465302, -55.803381975416)",-32.02392287465302,-55.803381975416,57.25,79.0,0.0,1.28,JP,-10800,Southern
meybod,"(31.694585863017664, 53.0306660871004)",31.694585863017664,53.0306660871004,71.62,26.0,61.0,12.12,JP,12600,Northern
berlevag,"(79.81668241001233, 30.892699512365056)",79.81668241001233,30.892699512365056,37.4,74.0,91.0,13.51,JP,3600,Northern
tessalit,"(24.17580486463494, 2.13100351649598)",24.17580486463494,2.13100351649598,72.7,9.0,3.0,21.12,JP,0,Northern
george,"(-35.858124617345524, 21.68515706652113)",-35.858124617345524,21.68515706652113,53.15,87.0,40.0,3.44,JP,7200,Southern
san vicente,"(-35.417451205467636, -58.78812792566637)",-35.417451205467636,-58.78812792566637,57.7,88.0,8.0,2.68,JP,-10800,Southern
baturaja,"(-4.119883659481175, 104.19619737962273)",-4.119883659481175,104.19619737962273,88.59,63.0,83.0,3.02,JP,25200,Southern
yumen,"(40.62898754455901, 95.98508809770618)",40.62898754455901,95.98508809770618,52.95,35.0,97.0,11.92,JP,28800,Northern
bangassou,"(5.229455358590599, 22.669188161711787)",5.229455358590599,22.669188161711787,68.23,43.0,99.0,3.0,JP,3600,Northern
zdvinsk,"(54.99565249963135, 79.17511092791125)",54.99565249963135,79.17511092791125,4.35,89.0,81.0,9.51,JP,25200,Northern
waipawa,"(-47.44280615317712, 178.5003174936803)",-47.44280615317712,178.5003174936803,55.8,76.0,89.0,11.48,JP,46800,Southern
carutapera,"(9.181953602424997, -40.53355128743047)",9.181953602424997,-40.53355128743047,75.97,94.0,100.0,5.14,JP,-10800,Northern
nassjo,"(57.4965277122011, 14.73488082119593)",57.4965277122011,14.73488082119593,18.52,92.0,6.0,3.29,JP,3600,Northern
nanfeng,"(23.6376179941891, 111.81527835659307)",23.6376179941891,111.81527835659307,85.87,49.0,73.0,3.09,JP,28800,Northern
mochudi,"(-24.311483961040523, 26.374580569335052)",-24.311483961040523,26.374580569335052,64.99,79.0,97.0,3.2,JP,7200,Southern
barahona,"(16.580749901228558, -70.78154437813429)",16.580749901228558,-70.78154437813429,74.57,76.0,18.0,6.42,JP,-14400,Northern
sao filipe,"(10.920512962839922, -34.766289433774176)",10.920512962839922,-34.766289433774176,69.85,73.0,0.0,16.98,JP,-3600,Northern
birjand,"(33.47136715437462, 60.240221828339656)",33.47136715437462,60.240221828339656,64.87,32.0,75.0,9.22,JP,12600,Northern
rio bueno,"(-40.05959202342832, -72.82084934652595)",-40.05959202342832,-72.82084934652595,57.34,95.0,8.0,4.21,JP,-10800,Southern
pipar,"(26.492043513293922, 73.54101955981463)",26.492043513293922,73.54101955981463,91.13,15.0,5.0,13.98,JP,19800,Northern
severo-kurilsk,"(50.25162391355374, 154.12546768905082)",50.25162391355374,154.12546768905082,30.27,87.0,90.0,7.27,JP,39600,Northern
listvyagi,"(53.64999478999238, 86.75223528170852)",53.64999478999238,86.75223528170852,15.33,40.0,24.0,5.3,JP,25200,Northern
haines junction,"(56.4184901929313, -142.83092462536985)",56.4184901929313,-142.83092462536985,10.35,72.0,100.0,1.14,JP,-25200,Northern
sao joao da barra,"(-30.83684291818838, -26.267987790081236)",-30.83684291818838,-26.267987790081236,76.87,87.0,2.0,13.67,JP,-10800,Southern
nanortalik,"(56.46027404333225, -47.751514627755796)",56.46027404333225,-47.751514627755796,6.42,81.0,87.0,18.23,JP,-10800,Northern
kushmurun,"(53.23661059275011, 64.87812981487221)",53.23661059275011,64.87812981487221,9.36,92.0,98.0,3.8,JP,21600,Northern
wasilla,"(63.25950799117251, -150.32417338272975)",63.25950799117251,-150.32417338272975,24.67,48.0,0.0,4.61,JP,-28800,Northern
port-gentil,"(-0.7810019885272226, 8.781625884364587)",-0.7810019885272226,8.781625884364587,77.43,85.0,100.0,5.97,JP,3600,Southern
mulanje,"(-16.534405954165962, 35.764835561378106)",-16.534405954165962,35.764835561378106,71.26,96.0,98.0,0.34,JP,7200,Southern
kutum,"(15.896597414167971, 23.690722336868077)",15.896597414167971,23.690722336868077,56.01,22.0,9.0,13.78,JP,7200,Northern
platanos,"(35.27816026724109, 22.123761199609305)",35.27816026724109,22.123761199609305,36.57,74.0,2.0,5.12,JP,7200,Northern
liaozhong,"(41.43797198645069, 122.45660452464847)",41.43797198645069,122.45660452464847,48.4,51.0,77.0,20.09,JP,28800,Northern
xuanwu,"(34.30065324607689, 115.07699058816542)",34.30065324607689,115.07699058816542,69.75,44.0,7.0,10.29,JP,28800,Northern
tautira,"(-15.53626805170255, -146.40016451538494)",-15.53626805170255,-146.40016451538494,80.92,72.0,59.0,5.86,JP,-36000,Southern
florianopolis,"(-27.71688693293651, -45.839970197853546)",-27.71688693293651,-45.839970197853546,68.81,91.0,75.0,3.44,JP,-10800,Southern
fare,"(-12.242078234726037, -148.35711090725627)",-12.242078234726037,-148.35711090725627,81.79,70.0,73.0,9.82,JP,-36000,Southern
nosy varika,"(-21.08845182351196, 50.71392504965701)",-21.08845182351196,50.71392504965701,76.3,86.0,62.0,4.61,JP,10800,Southern
semey,"(49.40632509933957, 78.54888805810066)",49.40632509933957,78.54888805810066,10.62,85.0,100.0,4.47,JP,21600,Northern
gazli,"(41.636397350206664, 64.17870157172047)",41.636397350206664,64.17870157172047,46.38,56.0,100.0,14.79,JP,18000,Northern
esna,"(25.26026362074863, 32.43924910364328)",25.26026362074863,32.43924910364328,48.96,44.0,0.0,20.69,JP,7200,Northern
grand gaube,"(-13.69235515275669, 67.69479238214598)",-13.69235515275669,67.69479238214598,84.38,77.0,10.0,8.99,JP,14400,Southern
tatarsk,"(55.13653918895287, 76.19029979042432)",55.13653918895287,76.19029979042432,4.32,91.0,96.0,9.64,JP,25200,Northern
calvinia,"(-30.98578768892412, 19.511117783532995)",-30.98578768892412,19.511117783532995,53.78,64.0,0.0,6.04,JP,7200,Southern
camacha,"(36.5393847697177, -18.643130791379065)",36.5393847697177,-18.643130791379065,54.82,77.0,40.0,24.16,JP,0,Northern
sao jose da coroa grande,"(-11.746061095759302, -28.785038543952595)",-11.746061095759302,-28.785038543952595,78.66,78.0,95.0,4.7,JP,-10800,Southern
totma,"(60.12184114015511, 42.24359921634547)",60.12184114015511,42.24359921634547,8.69,99.0,95.0,3.83,JP,10800,Northern
port-cartier,"(51.42430847384168, -68.5850437549362)",51.42430847384168,-68.5850437549362,13.75,85.0,93.0,7.81,JP,-14400,Northern
vryburg,"(-26.08496612788381, 24.079692891952874)",-26.08496612788381,24.079692891952874,55.04,87.0,36.0,4.9,JP,7200,Southern
maragogi,"(-12.32386520388043, -29.322079045675906)",-12.32386520388043,-29.322079045675906,78.37,78.0,86.0,4.47,JP,-10800,Southern
lisala,"(2.308362098681428, 21.107948222584838)",2.308362098681428,21.107948222584838,69.87,85.0,76.0,2.3,JP,3600,Northern
saint george,"(31.313416356097136, -62.920530850797334)",31.313416356097136,-62.920530850797334,54.45,25.0,0.0,3.44,JP,-21600,Northern
villa rica,"(2.647420384580599, -77.09158765683088)",2.647420384580599,-77.09158765683088,45.19,66.0,63.0,4.65,JP,-14400,Northern
broome,"(-18.522109682570658, 123.7816236370794)",-18.522109682570658,123.7816236370794,39.2,67.0,93.0,4.0,JP,-14400,Southern
fukue,"(34.20624537869247, 125.95567873710814)",34.20624537869247,125.95567873710814,62.96,59.0,20.0,12.66,JP,32400,Northern
codrington,"(20.792723737884984, -53.772021769273735)",20.792723737884984,-53.772021769273735,79.32,50.0,91.0,8.86,JP,39600,Northern
ekhabi,"(54.1401444774707, 148.08650291924164)",54.1401444774707,148.08650291924164,21.29,83.0,100.0,5.99,JP,39600,Northern
great yarmouth,"(53.74822399725511, 2.535949856727484)",53.74822399725511,2.535949856727484,41.45,89.0,100.0,5.7,JP,0,Northern
irbil,"(36.448997615799456, 44.25018525698911)",36.448997615799456,44.25018525698911,31.82,80.0,20.0,5.75,JP,10800,Northern
saldanha,"(-39.515699909839064, 3.105619338179139)",-39.515699909839064,3.105619338179139,51.85,72.0,0.0,9.55,JP,7200,Southern
barabai,"(-3.576110443810876, 116.33158874246658)",-3.576110443810876,116.33158874246658,89.01,67.0,85.0,0.89,JP,28800,Southern
barcelos,"(-0.18216298102504425, -63.45000209808751)",-0.18216298102504425,-63.45000209808751,42.91,90.0,16.0,4.79,JP,0,Southern
turan,"(51.990859428871744, 94.2277183051063)",51.990859428871744,94.2277183051063,80.58,74.0,40.0,4.61,JP,25200,Northern
lavrentiya,"(61.74129801090268, -169.97868114937936)",61.74129801090268,-169.97868114937936,-9.11,90.0,14.0,7.18,JP,43200,Northern
turayf,"(32.6715843549875, 38.39314246707974)",32.6715843549875,38.39314246707974,30.45,86.0,0.0,9.22,JP,10800,Northern
katsuura,"(20.493830284123675, 149.1571147887933)",20.493830284123675,149.1571147887933,67.37,55.0,86.0,16.55,JP,32400,Northern
kupang,"(-13.098889922537325, 123.28243358618755)",-13.098889922537325,123.28243358618755,85.35,70.0,100.0,3.11,JP,28800,Southern
los llanos de aridane,"(27.64563086387885, -20.73211696122928)",27.64563086387885,-20.73211696122928,54.12,61.0,40.0,23.02,JP,0,Northern
sucua,"(-2.9845559357781752, -77.16584166267761)",-2.9845559357781752,-77.16584166267761,65.89,90.0,85.0,3.22,JP,-18000,Southern
poum,"(-16.587384138174883, 160.39918906795037)",-16.587384138174883,160.39918906795037,82.92,76.0,9.0,14.67,JP,39600,Southern
ekuvukeni,"(-28.544491435349904, 30.581844345637023)",-28.544491435349904,30.581844345637023,57.88,96.0,100.0,1.97,JP,7200,Southern
kampene,"(-3.313536166625454, 27.016607245742733)",-3.313536166625454,27.016607245742733,69.12,95.0,85.0,2.37,JP,7200,Southern
nivala,"(63.711547295110734, 25.639747360541236)",63.711547295110734,25.639747360541236,25.68,90.0,100.0,4.99,JP,7200,Northern
quelimane,"(-20.327612829766366, 38.41806397062683)",-20.327612829766366,38.41806397062683,76.91,94.0,75.0,11.99,JP,7200,Southern
muros,"(45.481261953928, -11.947173014758732)",45.481261953928,-11.947173014758732,45.99,90.0,6.0,6.69,JP,3600,Northern
saint-pierre,"(37.62347488074887, -52.4868848949576)",37.62347488074887,-52.4868848949576,80.1,79.0,12.0,2.3,JP,14400,Northern
san matias,"(-15.887636761797566, -58.81788006763999)",-15.887636761797566,-58.81788006763999,67.14,91.0,94.0,3.15,JP,-14400,Southern
esperance,"(-48.62191062991336, 125.6985357965815)",-48.62191062991336,125.6985357965815,84.04,66.0,100.0,14.97,JP,28800,Southern
abu dhabi,"(25.117105529951814, 53.59685019940807)",25.117105529951814,53.59685019940807,76.48,72.0,0.0,3.44,JP,14400,Northern
bengkulu,"(-17.205939256912927, 95.09551748207286)",-17.205939256912927,95.09551748207286,85.77,64.0,88.0,6.98,JP,25200,Southern
vestmannaeyjar,"(56.710494431703324, -20.90720786522718)",56.710494431703324,-20.90720786522718,38.79,62.0,100.0,30.11,JP,0,Northern
tres arroyos,"(-37.95535444726107, -60.81309797813461)",-37.95535444726107,-60.81309797813461,56.66,92.0,100.0,2.44,JP,-10800,Southern
skotterud,"(59.716205302254, 12.057293618931027)",59.716205302254,12.057293618931027,26.02,95.0,10.0,1.81,JP,3600,Northern
merauke,"(-7.387973331601785, 137.76341829034345)",-7.387973331601785,137.76341829034345,77.18,90.0,100.0,3.4,JP,32400,Southern
moen,"(69.62356217363987, 17.4306166738846)",69.62356217363987,17.4306166738846,32.72,86.0,75.0,2.3,JP,3600,Northern
mezen,"(68.70513083458695, 45.768650083280676)",68.70513083458695,45.768650083280676,8.82,98.0,98.0,5.06,JP,10800,Northern
westport,"(-38.27739203322764, 167.13322607674542)",-38.27739203322764,167.13322607674542,43.0,73.0,99.0,1.99,JP,-14400,Southern
shache,"(36.93005409131486, 76.67278266477285)",36.93005409131486,76.67278266477285,68.23,17.0,34.0,8.77,JP,28800,Northern
banikoara,"(11.472890069969864, 2.458444145365007)",11.472890069969864,2.458444145365007,77.76,16.0,37.0,5.14,JP,3600,Northern
llanes,"(45.25947672418911, -4.831955023452906)",45.25947672418911,-4.831955023452906,52.95,81.0,54.0,5.95,JP,3600,Northern
tiznit,"(27.747097975288483, -10.222274976653466)",27.747097975288483,-10.222274976653466,47.16,82.0,98.0,4.05,JP,3600,Northern
elizabeth city,"(35.56390794139196, -74.24165884389843)",35.56390794139196,-74.24165884389843,41.41,89.0,1.0,7.25,JP,-14400,Northern
filingue,"(15.520748256328588, 2.771718149308356)",15.520748256328588,2.771718149308356,74.35,7.0,72.0,10.96,JP,3600,Northern
san luis,"(-12.35527166688503, -76.9670324994247)",-12.35527166688503,-76.9670324994247,67.17,40.0,3.0,6.11,JP,-10800,Southern
chitral,"(36.44143721705434, 72.83929388883794)",36.44143721705434,72.83929388883794,59.27,64.0,12.0,4.32,JP,18000,Northern
jacqueville,"(3.3387422509002533, -4.396095512871113)",3.3387422509002533,-4.396095512871113,79.05,78.0,100.0,2.53,JP,0,Northern
melo,"(-32.681618002292794, -54.14967166443394)",-32.681618002292794,-54.14967166443394,58.15,80.0,1.0,1.03,JP,-10800,Southern
roald,"(65.26009291977547, 4.968787571190347)",65.26009291977547,4.968787571190347,38.82,93.0,100.0,3.44,JP,3600,Northern
syracuse,"(35.30086833068144, 18.299663890547322)",35.30086833068144,18.299663890547322,54.77,73.0,57.0,11.95,JP,3600,Northern
daru,"(-12.398007962287835, 143.73611273974416)",-12.398007962287835,143.73611273974416,82.29,71.0,100.0,7.52,JP,36000,Southern
connersville,"(39.74750834007273, -85.28561436719036)",39.74750834007273,-85.28561436719036,46.83,54.0,59.0,8.08,JP,-14400,Northern
isla vista,"(33.549870097492274, -119.8739751968871)",33.549870097492274,-119.8739751968871,56.3,68.0,2.0,8.03,JP,-25200,Northern
la asuncion,"(13.84964982386208, -64.71608199378015)",13.84964982386208,-64.71608199378015,76.6,79.0,100.0,13.91,JP,-14400,Northern
pismo beach,"(34.851301099825605, -121.10144797340564)",34.851301099825605,-121.10144797340564,54.21,59.0,0.0,14.97,JP,-25200,Northern
det udom,"(14.56159701609866, 104.83951322790335)",14.56159701609866,104.83951322790335,93.02,32.0,44.0,5.14,JP,25200,Northern
coos bay,"(42.70880679886764, -125.2297651107788)",42.70880679886764,-125.2297651107788,51.91,97.0,100.0,18.41,JP,-25200,Northern
mansa,"(-11.11146600331736, 28.66344900846218)",-11.11146600331736,28.66344900846218,93.79,16.0,0.0,5.39,JP,19800,Southern
inta,"(67.90415115012146, 59.44153783423616)",67.90415115012146,59.44153783423616,7.83,96.0,100.0,7.83,JP,10800,Northern
vieques,"(16.272334832177876, -64.82899629617512)",16.272334832177876,-64.82899629617512,75.24,78.0,40.0,17.27,JP,-14400,Northern
amudat,"(1.905355898256218, 34.95224155730281)",1.905355898256218,34.95224155730281,72.3,64.0,100.0,3.02,JP,10800,Northern
saint-gaudens,"(43.24995795278977, 0.9971462344793736)",43.24995795278977,0.9971462344793736,52.02,81.0,76.0,7.52,JP,3600,Northern
itarema,"(0.010976153658745602, -38.565977424008935)",0.010976153658745602,-38.565977424008935,75.43,91.0,100.0,3.83,JP,-10800,Northern
comodoro rivadavia,"(-48.70428112457279, -64.48164990196545)",-48.70428112457279,-64.48164990196545,67.86,42.0,0.0,28.77,JP,-10800,Southern
alta floresta,"(-7.824253009482504, -54.59220002142344)",-7.824253009482504,-54.59220002142344,70.25,98.0,99.0,5.75,JP,-14400,Southern
pochutla,"(7.574819716692446, -97.46576437520723)",7.574819716692446,-97.46576437520723,75.81,68.0,1.0,3.78,JP,-21600,Northern
kattivakkam,"(12.13720660632211, 85.56458175166449)",12.13720660632211,85.56458175166449,88.07,64.0,100.0,1.48,JP,19800,Northern
takhli,"(15.08530736044628, 100.3424725856795)",15.08530736044628,100.3424725856795,100.22,34.0,84.0,9.13,JP,25200,Northern
riyadh,"(21.781607425987673, 47.4717700824568)",21.781607425987673,47.4717700824568,66.34,13.0,0.0,5.12,JP,10800,Northern
talnakh,"(84.98080475220448, 92.50942946757107)",84.98080475220448,92.50942946757107,1.2,92.0,100.0,8.16,JP,25200,Northern
saint-leu,"(-23.691463946153917, 53.1069261109306)",-23.691463946153917,53.1069261109306,79.41,79.0,5.0,4.16,JP,14400,Southern
sidney,"(48.21220705371468, -105.18383563472321)",48.21220705371468,-105.18383563472321,75.85,62.0,40.0,14.97,JP,39600,Northern
boa vista,"(3.6566272718652044, -61.435698754791986)",3.6566272718652044,-61.435698754791986,76.98,88.0,75.0,2.3,JP,-14400,Northern
igdir,"(39.7993159839595, 43.95813339003027)",39.7993159839595,43.95813339003027,28.33,69.0,99.0,10.69,JP,10800,Northern
czluchow,"(53.58484208187605, 17.152414582534988)",53.58484208187605,17.152414582534988,32.05,71.0,22.0,5.26,JP,3600,Northern
beloha,"(-32.521888182431184, 40.15303300476111)",-32.521888182431184,40.15303300476111,77.97,68.0,100.0,4.97,JP,10800,Southern
bontang,"(1.0712017246499528, 116.29104922910454)",1.0712017246499528,116.29104922910454,84.29,72.0,85.0,9.01,JP,28800,Northern
neutraubling,"(48.93934943166332, 12.360809818893614)",48.93934943166332,12.360809818893614,38.5,79.0,100.0,7.0,JP,3600,Northern
kalmunai,"(9.093327915223895, 86.57547777044374)",9.093327915223895,86.57547777044374,82.98,68.0,89.0,7.45,JP,19800,Northern
illertissen,"(48.22667704905646, 9.998497886017162)",48.22667704905646,9.998497886017162,37.29,80.0,75.0,1.14,JP,3600,Northern
manta,"(0.49640832369568955, -82.37675638492938)",0.49640832369568955,-82.37675638492938,78.58,83.0,75.0,3.44,JP,-18000,Northern
bocas del toro,"(10.352044414035063, -81.61977964899401)",10.352044414035063,-81.61977964899401,77.52,76.0,54.0,4.54,JP,-18000,Northern
salym,"(61.51996822140083, 70.85684796580779)",61.51996822140083,70.85684796580779,12.63,92.0,100.0,1.74,JP,18000,Northern
tezu,"(31.91225831668153, 97.50209730405618)",31.91225831668153,97.50209730405618,94.96,12.0,4.0,4.74,JP,19800,Northern
priekule,"(56.328678348790646, 21.652379716378988)",56.328678348790646,21.652379716378988,25.92,72.0,47.0,5.75,JP,7200,Northern
bogashevo,"(56.088867831752594, 85.0609231819447)",56.088867831752594,85.0609231819447,11.93,44.0,0.0,4.47,JP,25200,Northern
limanowa,"(49.808194888707305, 20.44592438459165)",49.808194888707305,20.44592438459165,31.39,70.0,5.0,4.81,JP,3600,Northern
verkhoyansk,"(67.89789299078723, 132.64875190790661)",67.89789299078723,132.64875190790661,-0.87,80.0,100.0,2.75,JP,36000,Northern
ponta delgada,"(34.23662742155487, -27.068199039754802)",34.23662742155487,-27.068199039754802,57.92,77.0,75.0,4.61,JP,-3600,Northern
yablochnyy,"(47.25683118138784, 141.9374185625664)",47.25683118138784,141.9374185625664,32.36,78.0,100.0,13.11,JP,39600,Northern
aykino,"(62.71123431440529, 49.73330407232771)",62.71123431440529,49.73330407232771,10.42,97.0,90.0,3.76,JP,10800,Northern
ramona,"(33.186424435561705, -116.62408876317744)",33.186424435561705,-116.62408876317744,53.62,76.0,0.0,0.0,JP,-25200,Northern
tura,"(66.23404218169031, 99.14212871649107)",66.23404218169031,99.14212871649107,92.95,12.0,0.0,5.5,JP,19800,Northern
witu,"(-2.2018672667641113, 39.40775744690046)",-2.2018672667641113,39.40775744690046,78.49,76.0,99.0,2.53,JP,10800,Southern
misratah,"(33.49204569393403, 16.076769507459915)",33.49204569393403,16.076769507459915,57.85,72.0,0.0,15.7,JP,7200,Northern
sagae,"(38.49539303608708, 140.1829270099998)",38.49539303608708,140.1829270099998,48.18,76.0,75.0,11.5,JP,32400,Northern
